{"data":{"Year":[2010,2010,2010,2010,2010,2010,2010,2010,2010,2010,2010,2010,2010,2010,2010,2010,2010,2011,2011,2011,2011,2011,2011,2011,2011,2011,2011,2011,2011,2011,2011,2011,2011,2011,2012,2012,2012,2012,2012,2012,2012,2012,2012,2012,2012,2012,2012,2012,2012,2012,2012,2013,2013,2013,2013,2013,2013,2013,2013,2013,2013,2013,2013,2013,2013,2013,2013,2013,2014,2014,2014,2014,2014,2014,2014,2014,2014,2014,2014,2014,2014,2014,2014,2014,2014,2015,2015,2015,2015,2015,2015,2015,2015,2015,2015,2015,2015,2015,2015,2015,2015,2015,2016,2016,2016,2016,2016,2016,2016,2016,2016,2016,2016,2016,2016,2016,2016,2016,2016,2017,2017,2017,2017,2017,2017,2017,2017,2017,2017,2017,2017,2017,2017,2017,2017,2017,2018,2018,2018,2018,2018,2018,2018,2018,2018,2018,2018,2018,2018,2018,2018,2018,2018],"Types of resources":["BIM","COL","CPR","CRO","FEO","FOF","GAS","GBO","MEO","NFO","NMA","NMC","NMM","PET","RAW","WCH","WOD","BIM","COL","CPR","CRO","FEO","FOF","GAS","GBO","MEO","NFO","NMA","NMC","NMM","PET","RAW","WCH","WOD","BIM","COL","CPR","CRO","FEO","FOF","GAS","GBO","MEO","NFO","NMA","NMC","NMM","PET","RAW","WCH","WOD","BIM","COL","CPR","CRO","FEO","FOF","GAS","GBO","MEO","NFO","NMA","NMC","NMM","PET","RAW","WCH","WOD","BIM","COL","CPR","CRO","FEO","FOF","GAS","GBO","MEO","NFO","NMA","NMC","NMM","PET","RAW","WCH","WOD","BIM","COL","CPR","CRO","FEO","FOF","GAS","GBO","MEO","NFO","NMA","NMC","NMM","PET","RAW","WCH","WOD","BIM","COL","CPR","CRO","FEO","FOF","GAS","GBO","MEO","NFO","NMA","NMC","NMM","PET","RAW","WCH","WOD","BIM","COL","CPR","CRO","FEO","FOF","GAS","GBO","MEO","NFO","NMA","NMC","NMM","PET","RAW","WCH","WOD","BIM","COL","CPR","CRO","FEO","FOF","GAS","GBO","MEO","NFO","NMA","NMC","NMM","PET","RAW","WCH","WOD"],"Value":[3.11995,0.04529,1.77744,0.87801,0.02607,0.70639,0.48384,0.11413,0.02607,0.02607,0.54148,2.09172,2.58371,0.17726,6.43612,0.00707,0.11315,3.10409,0.05077,1.81873,1.11009,0.01953,0.72041,0.47319,0.06705,0.01953,0.01953,0.64352,2.14014,2.70769,0.19645,6.55172,0.00648,0.10983,1.83578,0.04541,0.90857,1.10298,0.03688,0.6971,0.47053,0.05587,0.03828,0.03688,0.77126,1.45943,2.15495,0.18116,4.72612,0.00697,0.13481,3.41049,0.06361,1.91915,0.72987,0.0199,0.61672,0.36475,0.05302,0.0199,0.0199,0.88948,1.51444,2.33112,0.18836,6.37822,0.00765,0.27466,3.82381,0.03636,2.1494,1.15659,0.05128,0.65764,0.43184,0.05284,0.05128,0.05128,0.88246,1.61003,2.42509,0.18944,6.95782,0.00765,0.28823,3.83255,0.04501,2.16077,1.32698,0.05296,0.68768,0.44772,0.05454,0.05296,0.05296,0.97424,1.72224,2.63078,0.19496,7.20397,0.0079,0.28851,3.85782,0.04527,2.17346,1.32291,0.05467,0.69088,0.44494,0.05627,0.05467,0.05467,1.06682,1.83576,2.83853,0.20067,7.44189,0.00816,0.30295,3.8851,0.04556,2.18728,1.31376,0.05642,0.69442,0.44237,0.05803,null,0.05642,1.16023,1.95061,3.04842,0.2065,7.68436,0.00842,0.3176,null,null,null,null,null,null,null,null,null,null,null,null,null,null,null,null,null]},"edges":[]}