{"data":{"Year":[2010,2010,2010,2010,2010,2010,2010,2010,2010,2010,2010,2010,2010,2010,2010,2010,2010,2011,2011,2011,2011,2011,2011,2011,2011,2011,2011,2011,2011,2011,2011,2011,2011,2011,2012,2012,2012,2012,2012,2012,2012,2012,2012,2012,2012,2012,2012,2012,2012,2012,2012,2013,2013,2013,2013,2013,2013,2013,2013,2013,2013,2013,2013,2013,2013,2013,2013,2013,2014,2014,2014,2014,2014,2014,2014,2014,2014,2014,2014,2014,2014,2014,2014,2014,2014,2015,2015,2015,2015,2015,2015,2015,2015,2015,2015,2015,2015,2015,2015,2015,2015,2015,2016,2016,2016,2016,2016,2016,2016,2016,2016,2016,2016,2016,2016,2016,2016,2016,2016,2017,2017,2017,2017,2017,2017,2017,2017,2017,2017,2017,2017,2017,2017,2017,2017,2017,2018,2018,2018,2018,2018,2018,2018,2018,2018,2018,2018,2018,2018,2018,2018,2018,2018],"Types of resources":["BIM","COL","CPR","CRO","FEO","FOF","GAS","GBO","MEO","NFO","NMA","NMC","NMM","PET","RAW","WCH","WOD","BIM","COL","CPR","CRO","FEO","FOF","GAS","GBO","MEO","NFO","NMA","NMC","NMM","PET","RAW","WCH","WOD","BIM","COL","CPR","CRO","FEO","FOF","GAS","GBO","MEO","NFO","NMA","NMC","NMM","PET","RAW","WCH","WOD","BIM","COL","CPR","CRO","FEO","FOF","GAS","GBO","MEO","NFO","NMA","NMC","NMM","PET","RAW","WCH","WOD","BIM","COL","CPR","CRO","FEO","FOF","GAS","GBO","MEO","NFO","NMA","NMC","NMM","PET","RAW","WCH","WOD","BIM","COL","CPR","CRO","FEO","FOF","GAS","GBO","MEO","NFO","NMA","NMC","NMM","PET","RAW","WCH","WOD","BIM","COL","CPR","CRO","FEO","FOF","GAS","GBO","MEO","NFO","NMA","NMC","NMM","PET","RAW","WCH","WOD","BIM","COL","CPR","CRO","FEO","FOF","GAS","GBO","MEO","NFO","NMA","NMC","NMM","PET","RAW","WCH","WOD","BIM","COL","CPR","CRO","FEO","FOF","GAS","GBO","MEO","NFO","NMA","NMC","NMM","PET","RAW","WCH","WOD"],"Value":[2.19274,0.03183,1.24921,0.61708,0.01832,0.49646,0.34005,0.08021,0.01832,0.01832,0.38056,1.47009,1.81586,0.12458,4.52338,0.00497,0.07952,2.03884,0.03335,1.19458,0.72913,0.01283,0.47318,0.3108,0.04404,0.01283,0.01283,0.42268,1.40569,1.77847,0.12903,4.30331,0.00426,0.07214,1.2136,0.03002,0.60064,0.72916,0.02438,0.46084,0.31106,0.03694,0.0253,0.02438,0.50986,0.9648,1.4246,0.11976,3.12434,0.00461,0.08912,2.06,0.03842,1.1592,0.44085,0.01202,0.37251,0.22032,0.03202,0.01202,0.01202,0.53726,0.91475,1.40804,0.11377,3.85257,0.00462,0.1659,2.20292,0.02095,1.23828,0.66632,0.02954,0.37887,0.24879,0.03044,0.02954,0.02954,0.50839,0.92755,1.39712,0.10914,4.00846,0.00441,0.16605,2.2153,0.02602,1.24897,0.76702,0.03061,0.3975,0.25879,0.03152,0.03061,0.03061,0.56313,0.99549,1.52065,0.11269,4.16406,0.00457,0.16677,2.13114,0.02501,1.20067,0.7308,0.0302,0.38166,0.24579,0.03108,0.0302,0.0302,0.58933,1.01411,1.56807,0.11085,4.11107,0.00451,0.16736,2.04905,0.02403,1.1536,0.6929,0.02976,0.36625,0.23331,0.03061,null,0.02976,0.61192,1.02878,1.60778,0.10891,4.05284,0.00444,0.16751,null,null,null,null,null,null,null,null,null,null,null,null,null,null,null,null,null]},"edges":[]}