{"data":{"Year":[2010,2011,2012,2013,2014,2015,2016,2017,2018],"Total":["Total","Total","Total","Total","Total","Total","Total","Total","Total"],"Value":[0.96668,0.96701,0.96728,0.96767,0.96789,0.96811,0.96848,0.96872,0.96901]},"edges":[]}