{"data":{"Year":[2010,2010,2010,2010,2010,2010,2011,2011,2011,2011,2011,2011,2012,2012,2012,2012,2012,2012,2013,2013,2013,2013,2013,2013,2014,2014,2014,2014,2014,2014,2015,2015,2015,2015,2015,2015,2016,2016,2016,2016,2016,2016,2017,2017,2017,2017,2017,2017,2018,2018,2018,2018,2018,2018],"Value":[0.52083,0.54945,0.53476,0.54945,1.85185,0.65359,0.51813,null,null,null,1.85185,null,0.51813,null,null,null,1.85185,null,0.51813,null,null,null,null,null,0.51813,null,null,null,null,null,0.51813,0.07413,0.09117,0.07816,null,0.625,0.51813,0.07413,0.1,0.064,1.85185,0.61728,0.51813,0.07413,0.09571,0.06339,1.85185,0.60976,0.51813,0.07405,0.11165,0.0634,1.85185,0.60976]},"edges":[]}