{"data":{"Year":[2010,2011,2012,2013,2014,2015,2016,2017,2018],"Total":["Total","Total","Total","Total","Total","Total","Total","Total","Total"],"Value":[3179716.7999999998,1656878.21,717749.3,4012549.1800000002,6743405.9000000004,177751.66606,481810.0701,null,null]},"edges":[]}