{"data":{"Year":[2010,2011,2012,2013,2014,2015,2016,2017,2018],"Value":[22.31515,20.09112,44.72951,38.77562,63.90644,80.77046,2.03468,43.26514,0.0]},"edges":[]}