{"data":{"Year":[2010,2010,2011,2011,2012,2012,2013,2013,2014,2014,2015,2015,2016,2016,2017,2017,2018,2018],"Value":[394.75205,69.20587,110.83588,118.25569,276.15932,177.47347,120.65791,154.3891,332.76286,221.21501,77.51654,165.58661,281.93978,122.51212,106.13867,83.99388,null,null]},"edges":[]}