{"data":{"Year":[2010,2011,2012,2013,2014,2015,2016,2017,2018],"Value":[103.9141,130.93156,150.47232,123.94343,149.64116,98.91073,100.48805,76.78477,null]},"edges":[]}