Year,Value
2010,
2011,
2012,
2013,
2014,3.347453669012193
2015,2.4783600033489903
2016,3.3747916754954246
2017,2.2131289697615486
2018,2.4558675049238707
