Year,Value
2010,0.9666799999999999
2011,0.96701
2012,0.9672799999999999
2013,0.96767
2014,0.9678899999999999
2015,0.96811
2016,0.9684799999999999
2017,0.96872
2018,0.96901
