Year,Value
2010,
2011,
2012,
2013,
2014,97.79660127058577
2015,115.68055374259579
2016,132.43307864976072
2017,117.23465587091556
2018,119.32525981606392
