Year,Value
2010,
2011,
2012,
2013,
2014,6.125413465408917
2015,6.667772082144131
2016,7.137325715427686
2017,5.117673832135941
2018,6.134404809373372
