Year,Value
2010,9.629981024667929
2011,10.3
2012,11.2
2013,11.7758645848533
2014,10.4141041410414
2015,11.6836354606407
2016,8.825045091471269
2017,9.233791748526519
2018,6.824034334763949
