Year,Value
2010,0.36989
2011,0.33785
2012,0.51284
2013,0.46132
2014,0.37987
2015,0.5977
2016,0.33263000000000004
2017,0.37244
2018,
