Year,Value
2010,17.90699
2011,
2012,
2013,
2014,
2015,15.072389999999999
2016,15.1555
2017,
2018,
