Year,Value
2010,1.14676
2011,1.86011
2012,1.60466
2013,2.76019
2014,18.244229999999998
2015,20.123720000000002
2016,20.82046
2017,26.32139
2018,
