Year,Value
2010,7.9079999999999995
2011,7.882999999999999
2012,7.699
2013,6.704
2014,7.247999999999999
2015,7.58
2016,7.712999999999999
2017,
2018,
