Year,Value
2010,103.9141
2011,130.93156000000002
2012,150.47232
2013,123.94343
2014,149.64116
2015,98.91073
2016,100.48805
2017,76.78477
2018,
