Year,Total,Value
2010,Total,0.9666799999999999
2011,Total,0.96701
2012,Total,0.9672799999999999
2013,Total,0.96767
2014,Total,0.9678899999999999
2015,Total,0.96811
2016,Total,0.9684799999999999
2017,Total,0.96872
2018,Total,0.96901
