{"Year":[2010,2011,2012,2013,2014,2015,2016,2017,2018],"Total":["Total","Total","Total","Total","Total","Total","Total","Total","Total"],"Value":[0.36989,0.33785,0.51284,0.46132,0.37987,0.5977,0.33263,0.37244,null]}