{"Year":[2010,2011,2012,2013,2014,2015,2016,2017,2018],"Total":["Total","Total","Total","Total","Total","Total","Total","Total","Total"],"Value":[17.90699,null,null,null,null,15.07239,15.1555,null,null]}