Year,Gross/Net,Value
2010,Gross,16.94
2010,Net,16.925
2011,Gross,24.436
2011,Net,24.396
2012,Gross,25.296999999999997
2012,Net,24.984
2013,Gross,23.816999999999997
2013,Net,23.464000000000002
2014,Gross,12.267999999999999
2014,Net,11.664000000000001
2015,Gross,11.460999999999999
2015,Net,10.884
2016,Gross,14.39
2016,Net,13.77
2017,Gross,12.795
2017,Net,11.735999999999999
