{"Year":[2010,2010,2011,2011,2012,2012,2013,2013,2014,2014,2015,2015,2016,2016,2017,2017],"Gross/Net":["Gross","Net","Gross","Net","Gross","Net","Gross","Net","Gross","Net","Gross","Net","Gross","Net","Gross","Net"],"Value":[16.940226,16.92471509,24.436237,24.39573965,25.296573,24.9843815,23.8168,23.46354872,12.268032,11.66415606,11.461417,10.88393216,14.389922,13.7696394,12.79485,11.73577599]}