{"Year":[2010,2011,2012,2013,2014,2015,2016,2017,2018],"Value":[1.14676,1.86011,1.60466,2.76019,18.24423,20.12372,20.82046,26.32139,null]}