Year,Value
2010,18.18844
2011,10.58261
2012,30.012890000000002
2013,32.75115
2014,28.669220000000003
2015,63.76035
2016,10.202010000000001
2017,18.85216
2018,0.0
