{"Year":[2010,2011,2012,2013,2014,2015,2016,2017,2018],"Value":[18.18844,10.58261,30.01289,32.75115,28.66922,63.76035,10.20201,18.85216,0.0]}