Year,Total,Value
2010,Total,0.96668
2011,Total,0.96701
2012,Total,0.96728
2013,Total,0.96767
2014,Total,0.96789
2015,Total,0.96811
2016,Total,0.96848
2017,Total,0.96872
2018,Total,0.96901
