Year,Total,Value
2010,Total,17.90699
2011,Total,
2012,Total,
2013,Total,
2014,Total,
2015,Total,15.07239
2016,Total,15.1555
2017,Total,
2018,Total,
