Year,Value
2010,0.96668
2011,0.96701
2012,0.96728
2013,0.96767
2014,0.96789
2015,0.96811
2016,0.96848
2017,0.96872
2018,0.96901
