Year,Value
2010,18.18844
2011,10.58261
2012,30.01289
2013,32.75115
2014,28.66922
2015,63.76035
2016,10.20201
2017,18.85216
2018,0
