Year,Gross/Net,Value
2010,Gross,16.940226
2010,Net,16.92471509
2011,Gross,24.436237
2011,Net,24.39573965
2012,Gross,25.296573
2012,Net,24.9843815
2013,Gross,23.8168
2013,Net,23.46354872
2014,Gross,12.268032
2014,Net,11.66415606
2015,Gross,11.461417
2015,Net,10.88393216
2016,Gross,14.389922
2016,Net,13.7696394
2017,Gross,12.79485
2017,Net,11.73577599