Year,Value
2010,22.31515
2011,20.09112
2012,44.72951
2013,38.77562
2014,63.90644
2015,80.77046
2016,2.03468
2017,43.26514
2018,0
